iteration;exec time (1 thread);exec time (4 threads);exec time (4 threads linear);speedup;speedup (linear);efficiency;efficiency (linear);difference (1 thread);difference(4 threads)
0;0.251615;0.092582;0.062904;2.717748;4.000000;0.679437;1.000000;80000512.000000;80000512.000000
1;0.499088;0.157869;0.124772;3.161398;4.000000;0.790349;1.000000;79599808.000000;79599808.000000
2;0.759543;0.225126;0.189886;3.373865;4.000000;0.843466;1.000000;79202272.000000;79202272.000000
3;0.984252;0.290352;0.246063;3.389852;4.000000;0.847463;1.000000;78806864.000000;78806880.000000
4;1.217254;0.353116;0.304314;3.447181;4.000000;0.861795;1.000000;78413592.000000;78413608.000000
5;1.492918;0.419065;0.373229;3.562498;4.000000;0.890625;1.000000;78022456.000000;78022464.000000
6;1.734756;0.485400;0.433689;3.573870;4.000000;0.893468;1.000000;77633408.000000;77633432.000000
7;1.961594;0.550903;0.490399;3.560689;4.000000;0.890172;1.000000;77246520.000000;77246520.000000
8;2.198219;0.618423;0.549555;3.554553;4.000000;0.888638;1.000000;76861696.000000;76861696.000000
9;2.446578;0.684739;0.611645;3.573008;4.000000;0.893252;1.000000;76480008.000000;76480000.000000
10;2.685774;0.749297;0.671443;3.584392;4.000000;0.896098;1.000000;76099416.000000;76099384.000000
11;2.919199;0.812230;0.729800;3.594056;4.000000;0.898514;1.000000;75720856.000000;75720832.000000
12;3.141640;0.870661;0.785410;3.608339;4.000000;0.902085;1.000000;75344384.000000;75345400.000000
13;3.387249;0.939747;0.846812;3.604426;4.000000;0.901106;1.000000;74971024.000000;74971024.000000
14;3.629512;1.004527;0.907378;3.613154;4.000000;0.903289;1.000000;74598704.000000;74598680.000000
15;3.856381;1.067902;0.964095;3.611174;4.000000;0.902794;1.000000;74229432.000000;74229448.000000
16;4.091117;1.131320;1.022779;3.616232;4.000000;0.904058;1.000000;73861256.000000;73861240.000000
17;4.348784;1.195395;1.087196;3.637947;4.000000;0.909487;1.000000;73496104.000000;73496104.000000
18;4.586969;1.260397;1.146742;3.639305;4.000000;0.909826;1.000000;73132016.000000;73131992.000000
19;4.809150;1.327140;1.202288;3.623694;4.000000;0.905923;1.000000;72769872.000000;72769880.000000
20;5.036633;1.398595;1.259158;3.601210;4.000000;0.900303;1.000000;72410848.000000;72410864.000000
21;5.302677;1.468209;1.325669;3.611662;4.000000;0.902916;1.000000;72052824.000000;72052824.000000
22;5.530996;1.536503;1.382749;3.599730;4.000000;0.899933;1.000000;71696832.000000;71696808.000000
23;5.750975;1.607209;1.437744;3.578238;4.000000;0.894560;1.000000;71343840.000000;71343808.000000
24;5.987508;1.681826;1.496877;3.560124;4.000000;0.890031;1.000000;70991832.000000;70991840.000000
25;6.272026;1.752607;1.568006;3.578684;4.000000;0.894671;1.000000;70641784.000000;70641808.000000
26;6.505997;1.826946;1.626499;3.561133;4.000000;0.890283;1.000000;70293816.000000;70293824.000000
27;6.755256;1.903620;1.688814;3.548636;4.000000;0.887159;1.000000;69947744.000000;69947768.000000
28;6.986003;1.981485;1.746501;3.525640;4.000000;0.881410;1.000000;69603704.000000;69603728.000000
29;7.248641;2.101315;1.812160;3.449574;4.000000;0.862393;1.000000;69261664.000000;69261680.000000
30;7.489546;2.172503;1.872386;3.447427;4.000000;0.861857;1.000000;68921536.000000;68921552.000000
31;7.718957;2.243460;1.929739;3.440648;4.000000;0.860162;1.000000;68583464.000000;68583472.000000
32;7.955966;2.317846;1.988992;3.432483;4.000000;0.858121;1.000000;68247224.000000;68247264.000000
33;8.222829;2.393942;2.055707;3.434849;4.000000;0.858712;1.000000;67912024.000000;67912056.000000
34;8.461148;2.468862;2.115287;3.427146;4.000000;0.856786;1.000000;67579752.000000;67579744.000000
35;8.693278;2.589059;2.173320;3.357698;4.000000;0.839424;1.000000;67248464.000000;67248320.000000
36;8.965234;2.663697;2.241309;3.365711;4.000000;0.841428;1.000000;66920004.000000;66919988.000000
37;9.195194;2.741894;2.298799;3.353593;4.000000;0.838398;1.000000;66592480.000000;66592440.000000
38;9.421185;2.819526;2.355296;3.341407;4.000000;0.835352;1.000000;66266984.000000;66266972.000000
39;9.657542;2.896011;2.414386;3.334774;4.000000;0.833694;1.000000;65943332.000000;65942820.000000
40;9.940416;2.970095;2.485104;3.346835;4.000000;0.836709;1.000000;65621032.000000;65621020.000000
41;10.162929;3.092996;2.540732;3.285787;4.000000;0.821447;1.000000;65300664.000000;65300664.000000
42;10.402197;3.168877;2.600549;3.282613;4.000000;0.820653;1.000000;64982812.000000;64982800.000000
43;10.623159;3.244967;2.655790;3.273734;4.000000;0.818434;1.000000;64665784.000000;64665776.000000
44;10.897315;3.322074;2.724329;3.280275;4.000000;0.820069;1.000000;64351120.000000;64351116.000000
45;11.134758;3.398590;2.783690;3.276288;4.000000;0.819072;1.000000;64037956.000000;64037944.000000
46;11.362274;3.474759;2.840568;3.269945;4.000000;0.817486;1.000000;63726540.000000;63726520.000000
47;11.607653;3.595931;2.901913;3.227997;4.000000;0.806999;1.000000;63416480.000000;63416468.000000
48;11.848475;3.718043;2.962119;3.186750;4.000000;0.796688;1.000000;63108936.000000;63108940.000000
49;12.075516;3.840201;3.018879;3.144501;4.000000;0.786125;1.000000;62802132.000000;62802152.000000
50;12.296115;3.963176;3.074029;3.102591;4.000000;0.775648;1.000000;62497788.000000;62497784.000000
51;12.571540;4.040786;3.142885;3.111162;4.000000;0.777791;1.000000;62194664.000000;62194684.000000
52;12.794574;4.114458;3.198643;3.109662;4.000000;0.777416;1.000000;61893484.000000;61893492.000000
53;13.025069;4.190813;3.256267;3.108005;4.000000;0.777001;1.000000;61593592.000000;61593576.000000
54;13.274015;4.267463;3.318504;3.110517;4.000000;0.777629;1.000000;61295588.000000;61295596.000000
55;13.528540;4.347764;3.382135;3.111609;4.000000;0.777902;1.000000;60999404.000000;60999412.000000
56;13.754321;4.472400;3.438580;3.075378;4.000000;0.768845;1.000000;60704536.000000;60704544.000000
57;13.986343;4.551273;3.496586;3.073062;4.000000;0.768265;1.000000;60411084.000000;60411080.000000
58;14.255974;4.628568;3.563994;3.079997;4.000000;0.769999;1.000000;60119844.000000;60119848.000000
59;14.484658;4.708320;3.621164;3.076396;4.000000;0.769099;1.000000;59829404.000000;59829404.000000
60;14.760282;4.785622;3.690071;3.084297;4.000000;0.771074;1.000000;59541320.000000;59541324.000000
61;14.981119;4.862130;3.745280;3.081185;4.000000;0.770296;1.000000;59254552.000000;59254556.000000
62;15.266885;4.984405;3.816721;3.062930;4.000000;0.765733;1.000000;58969140.000000;58969136.000000
63;15.496643;5.105756;3.874161;3.035132;4.000000;0.758783;1.000000;58685436.000000;58685428.000000
64;15.720471;5.227607;3.930118;3.007202;4.000000;0.751800;1.000000;58402960.000000;58402952.000000
65;16.002906;5.349767;4.000727;2.991328;4.000000;0.747832;1.000000;58122328.000000;58122332.000000
66;16.228123;5.427456;4.057031;2.990005;4.000000;0.747501;1.000000;57843584.000000;57843588.000000
67;16.453331;5.499982;4.113333;2.991524;4.000000;0.747881;1.000000;57565916.000000;57565948.000000
68;16.676859;5.574732;4.169215;2.991508;4.000000;0.747877;1.000000;57289676.000000;57289668.000000
69;16.966594;5.650915;4.241649;3.002451;4.000000;0.750613;1.000000;57015156.000000;57015164.000000
70;17.194294;5.725417;4.298574;3.003152;4.000000;0.750788;1.000000;56741932.000000;56741920.000000
71;17.435710;5.847792;4.358928;2.981588;4.000000;0.745397;1.000000;56470432.000000;56470428.000000
72;17.681782;5.924209;4.420446;2.984666;4.000000;0.746166;1.000000;56200316.000000;56200320.000000
73;17.929271;5.997231;4.482318;2.989591;4.000000;0.747398;1.000000;55931628.000000;55931620.000000
74;18.159952;6.077551;4.539988;2.988038;4.000000;0.747009;1.000000;55664576.000000;55664576.000000
75;18.384603;6.155461;4.596151;2.986714;4.000000;0.746679;1.000000;55398428.000000;55398440.000000
76;18.663607;6.233879;4.665902;2.993900;4.000000;0.748475;1.000000;55134208.000000;55134216.000000
77;18.888808;6.361038;4.722202;2.969454;4.000000;0.742363;1.000000;54871160.000000;54871152.000000
78;19.108230;6.485965;4.777058;2.946089;4.000000;0.736522;1.000000;54609800.000000;54609776.000000
79;19.363811;6.607399;4.840953;2.930625;4.000000;0.732656;1.000000;54349816.000000;54349820.000000
80;19.643097;6.682332;4.910774;2.939557;4.000000;0.734889;1.000000;54091072.000000;54091048.000000
81;19.876070;6.751668;4.969017;2.943875;4.000000;0.735969;1.000000;53833708.000000;53833728.000000
82;20.109356;6.824729;5.027339;2.946543;4.000000;0.736636;1.000000;53577828.000000;53577832.000000
83;20.352881;6.896607;5.088220;2.951144;4.000000;0.737786;1.000000;53323652.000000;53323644.000000
84;20.605434;6.969091;5.151358;2.956689;4.000000;0.739172;1.000000;53070636.000000;53070660.000000
85;20.828492;7.089568;5.207123;2.937907;4.000000;0.734477;1.000000;52818860.000000;52818880.000000
86;21.048415;7.165524;5.262104;2.937457;4.000000;0.734364;1.000000;52568032.000000;52568044.000000
87;21.331392;7.237414;5.332848;2.947377;4.000000;0.736844;1.000000;52319184.000000;52319188.000000
88;21.562861;7.316434;5.390715;2.947182;4.000000;0.736795;1.000000;52071556.000000;52071548.000000
89;21.786328;7.394267;5.446582;2.946381;4.000000;0.736595;1.000000;51824856.000000;51824880.000000
90;22.033292;7.473284;5.508323;2.948274;4.000000;0.737069;1.000000;51579908.000000;51579944.000000
91;22.298033;7.596270;5.574508;2.935392;4.000000;0.733848;1.000000;51336232.000000;51336256.000000
92;22.520538;7.677726;5.630135;2.933230;4.000000;0.733308;1.000000;51093792.000000;51093792.000000
93;22.761915;7.752748;5.690479;2.935980;4.000000;0.733995;1.000000;50852836.000000;50852820.000000
94;22.995506;7.827960;5.748876;2.937611;4.000000;0.734403;1.000000;50613116.000000;50613096.000000
95;23.253651;7.905270;5.813413;2.941538;4.000000;0.735385;1.000000;50374400.000000;50374388.000000
96;23.484001;7.980532;5.871000;2.942661;4.000000;0.735665;1.000000;50137180.000000;50137156.000000
97;23.704833;8.101331;5.926208;2.926042;4.000000;0.731510;1.000000;49901248.000000;49901212.000000
98;23.985081;8.223783;5.996270;2.916551;4.000000;0.729138;1.000000;49666280.000000;49666260.000000
99;24.211279;8.349127;6.052820;2.899857;4.000000;0.724964;1.000000;49432832.000000;49432848.000000
100;24.439546;8.475846;6.109886;2.883435;4.000000;0.720859;1.000000;49200940.000000;49200940.000000
101;24.679324;8.602502;6.169831;2.868854;4.000000;0.717214;1.000000;48969828.000000;48969832.000000
102;24.924606;8.677561;6.231151;2.872306;4.000000;0.718076;1.000000;48740224.000000;48740212.000000
103;25.148634;8.757067;6.287159;2.871810;4.000000;0.717953;1.000000;48511160.000000;48511164.000000
104;25.377636;8.837477;6.344409;2.871593;4.000000;0.717898;1.000000;48283888.000000;48283884.000000
105;25.633610;8.911318;6.408402;2.876523;4.000000;0.719131;1.000000;48058136.000000;48058148.000000
106;25.866933;8.990054;6.466733;2.877284;4.000000;0.719321;1.000000;47833192.000000;47833204.000000
107;26.098579;9.114219;6.524645;2.863501;4.000000;0.715875;1.000000;47609592.000000;47609596.000000
108;26.331374;9.235651;6.582844;2.851058;4.000000;0.712764;1.000000;47386708.000000;47386728.000000
109;26.599377;9.356650;6.649844;2.842831;4.000000;0.710708;1.000000;47165708.000000;47165700.000000
110;26.852743;9.478342;6.713186;2.833063;4.000000;0.708266;1.000000;46945492.000000;46945508.000000
111;27.075624;9.600690;6.768906;2.820175;4.000000;0.705044;1.000000;46726872.000000;46726888.000000
112;27.351534;9.724569;6.837884;2.812622;4.000000;0.703155;1.000000;46509052.000000;46509044.000000
113;27.589696;9.801711;6.897424;2.814784;4.000000;0.703696;1.000000;46292004.000000;46292024.000000
114;27.845332;9.877056;6.961333;2.819194;4.000000;0.704798;1.000000;46076848.000000;46076860.000000
115;28.072909;9.953386;7.018227;2.820438;4.000000;0.705110;1.000000;45862776.000000;45862780.000000
116;28.350879;10.028700;7.087720;2.826974;4.000000;0.706744;1.000000;45648984.000000;45648980.000000
117;28.584252;10.102134;7.146063;2.829526;4.000000;0.707382;1.000000;45437068.000000;45437060.000000
118;28.807698;10.223041;7.201925;2.817919;4.000000;0.704480;1.000000;45226236.000000;45226232.000000
119;29.057873;10.297177;7.264468;2.821926;4.000000;0.705482;1.000000;45016260.000000;45016244.000000
120;29.315030;10.375249;7.328758;2.825477;4.000000;0.706369;1.000000;44808100.000000;44808104.000000
121;29.539896;10.448740;7.384974;2.827125;4.000000;0.706781;1.000000;44600292.000000;44600296.000000
122;29.780170;10.526705;7.445043;2.829012;4.000000;0.707253;1.000000;44393620.000000;44393612.000000
123;30.038028;10.603551;7.509507;2.832827;4.000000;0.708207;1.000000;44188568.000000;44188572.000000
124;30.266242;10.724686;7.566561;2.822110;4.000000;0.705527;1.000000;43984076.000000;43984088.000000
125;30.497973;10.843342;7.624493;2.812599;4.000000;0.703150;1.000000;43780952.000000;43780980.000000
126;30.732050;10.913185;7.683013;2.816048;4.000000;0.704012;1.000000;43578500.000000;43578520.000000
127;31.018141;10.988640;7.754535;2.822746;4.000000;0.705687;1.000000;43377636.000000;43377656.000000
128;31.255593;11.060212;7.813898;2.825949;4.000000;0.706487;1.000000;43177640.000000;43177660.000000
129;31.479499;11.132138;7.869875;2.827804;4.000000;0.706951;1.000000;42978544.000000;42978564.000000
130;31.703922;11.206605;7.925981;2.829039;4.000000;0.707260;1.000000;42780560.000000;42780588.000000
131;31.974930;11.326219;7.993733;2.823089;4.000000;0.705772;1.000000;42584016.000000;42584028.000000
132;32.197686;11.449120;8.049421;2.812241;4.000000;0.703060;1.000000;42388320.000000;42388340.000000
133;32.420065;11.570772;8.105016;2.801893;4.000000;0.700473;1.000000;42193024.000000;42193024.000000
134;32.698618;11.693278;8.174655;2.796360;4.000000;0.699090;1.000000;41999336.000000;41999352.000000
135;32.925393;11.773540;8.231348;2.796559;4.000000;0.699140;1.000000;41806824.000000;41806828.000000
136;33.152945;11.849725;8.288236;2.797782;4.000000;0.699445;1.000000;41615224.000000;41615252.000000
137;33.381537;11.926117;8.345384;2.799028;4.000000;0.699757;1.000000;41424024.000000;41424024.000000
138;33.677980;12.004074;8.419495;2.805546;4.000000;0.701386;1.000000;41234440.000000;41234480.000000
139;33.908051;12.081492;8.477013;2.806611;4.000000;0.701653;1.000000;41045840.000000;41045856.000000
140;34.131497;12.204266;8.532874;2.796686;4.000000;0.699171;1.000000;40857812.000000;40857848.000000
141;34.379206;12.280799;8.594802;2.799428;4.000000;0.699857;1.000000;40671284.000000;40671288.000000
142;34.635686;12.359931;8.658921;2.802256;4.000000;0.700564;1.000000;40485680.000000;40485680.000000
143;34.860986;12.433277;8.715246;2.803845;4.000000;0.700961;1.000000;40300444.000000;40300456.000000
144;35.092705;12.508771;8.773176;2.805448;4.000000;0.701362;1.000000;40116904.000000;40116896.000000
145;35.362484;12.584674;8.840621;2.809964;4.000000;0.702491;1.000000;39933808.000000;39933800.000000
146;35.585976;12.708754;8.896494;2.800115;4.000000;0.700029;1.000000;39751868.000000;39751876.000000
147;35.805272;12.833004;8.951318;2.790093;4.000000;0.697523;1.000000;39571096.000000;39571104.000000
148;36.044610;12.952925;9.011152;2.782739;4.000000;0.695685;1.000000;39391052.000000;39391048.000000
149;36.305562;13.029565;9.076391;2.786399;4.000000;0.696600;1.000000;39211924.000000;39211944.000000
150;36.533631;13.107429;9.133408;2.787246;4.000000;0.696812;1.000000;39033764.000000;39033760.000000
151;36.761331;13.180114;9.190333;2.789151;4.000000;0.697288;1.000000;38856508.000000;38856504.000000
152;37.005287;13.252163;9.251322;2.792396;4.000000;0.698099;1.000000;38680488.000000;38680500.000000
153;37.255914;13.327215;9.313979;2.795476;4.000000;0.698869;1.000000;38504640.000000;38504640.000000
154;37.478115;13.449659;9.369529;2.786548;4.000000;0.696637;1.000000;38330340.000000;38330332.000000
155;37.700378;13.570777;9.425094;2.778056;4.000000;0.694514;1.000000;38157084.000000;38157080.000000
156;38.009927;13.692591;9.502482;2.775948;4.000000;0.693987;1.000000;37984104.000000;37984116.000000
157;38.245831;13.766955;9.561458;2.778089;4.000000;0.694522;1.000000;37812356.000000;37812352.000000
158;38.475039;13.841955;9.618760;2.779596;4.000000;0.694899;1.000000;37641340.000000;37641280.000000
159;38.702999;13.919999;9.675750;2.780388;4.000000;0.695097;1.000000;37471516.000000;37471508.000000
160;38.970822;13.996055;9.742706;2.784415;4.000000;0.696104;1.000000;37302364.000000;37302360.000000
161;39.197367;14.067748;9.799342;2.786329;4.000000;0.696582;1.000000;37134208.000000;37134220.000000
162;39.420340;14.191373;9.855085;2.777768;4.000000;0.694442;1.000000;36967296.000000;36967308.000000
163;39.660531;14.266201;9.915133;2.780035;4.000000;0.695009;1.000000;36800668.000000;36800664.000000
164;39.912144;14.337941;9.978036;2.783673;4.000000;0.695918;1.000000;36634696.000000;36634684.000000
165;40.151008;14.415808;10.037752;2.785207;4.000000;0.696302;1.000000;36469968.000000;36469956.000000
166;40.381468;14.491315;10.095367;2.786598;4.000000;0.696649;1.000000;36306232.000000;36306244.000000
167;40.702649;14.566268;10.175662;2.794309;4.000000;0.698577;1.000000;36143188.000000;36143208.000000
168;40.932432;14.690395;10.233108;2.786340;4.000000;0.696585;1.000000;35981220.000000;35981208.000000
169;41.170994;14.816689;10.292749;2.778691;4.000000;0.694673;1.000000;35819700.000000;35819708.000000
170;41.419295;14.940148;10.354824;2.772348;4.000000;0.693087;1.000000;35659428.000000;35659424.000000
171;41.650744;15.060650;10.412686;2.765534;4.000000;0.691384;1.000000;35499912.000000;35499924.000000
172;41.887194;15.135994;10.471799;2.767390;4.000000;0.691847;1.000000;35340584.000000;35340588.000000
173;42.136086;15.212148;10.534021;2.769897;4.000000;0.692474;1.000000;35182544.000000;35182548.000000
174;42.415434;15.285373;10.603858;2.774903;4.000000;0.693726;1.000000;35025788.000000;35025804.000000
175;42.647061;15.359436;10.661765;2.776603;4.000000;0.694151;1.000000;34869008.000000;34869016.000000
176;42.874527;15.436187;10.718632;2.777533;4.000000;0.694383;1.000000;34713492.000000;34713504.000000
177;43.101226;15.557095;10.775307;2.770519;4.000000;0.692630;1.000000;34558760.000000;34558752.000000
178;43.362688;15.678217;10.840672;2.765792;4.000000;0.691448;1.000000;34404508.000000;34404500.000000
179;43.587974;15.797701;10.896993;2.759134;4.000000;0.689783;1.000000;34251516.000000;34251520.000000
180;43.812585;15.919748;10.953146;2.752090;4.000000;0.688023;1.000000;34099028.000000;34099040.000000
181;44.097371;16.038805;11.024343;2.749417;4.000000;0.687354;1.000000;33947364.000000;33947356.000000
182;44.325490;16.118437;11.081372;2.749987;4.000000;0.687497;1.000000;33796212.000000;33796192.000000
183;44.560268;16.191815;11.140067;2.752024;4.000000;0.688006;1.000000;33646568.000000;33646568.000000
184;44.810109;16.265806;11.202527;2.754866;4.000000;0.688716;1.000000;33497198.000000;33497200.000000
185;45.097121;16.338385;11.274280;2.760195;4.000000;0.690049;1.000000;33348542.000000;33348548.000000
186;45.323126;16.411637;11.330781;2.761646;4.000000;0.690411;1.000000;33201018.000000;33201046.000000
187;45.555918;16.534146;11.388979;2.755263;4.000000;0.688816;1.000000;33053742.000000;33053742.000000
188;45.814487;16.611120;11.453622;2.758061;4.000000;0.689515;1.000000;32907200.000000;32907200.000000
189;46.064422;16.687830;11.516105;2.760360;4.000000;0.690090;1.000000;32761748.000000;32761756.000000
190;46.290163;16.760077;11.572541;2.761930;4.000000;0.690483;1.000000;32617378.000000;32617362.000000
191;46.518377;16.836009;11.629594;2.763029;4.000000;0.690757;1.000000;32472950.000000;32472948.000000
192;46.796046;16.910618;11.699012;2.767258;4.000000;0.691815;1.000000;32329774.000000;32329594.000000
193;47.022940;17.033176;11.755735;2.760668;4.000000;0.690167;1.000000;32187276.000000;32187280.000000
194;47.246130;17.155481;11.811533;2.753996;4.000000;0.688499;1.000000;32045264.000000;32045270.000000
195;47.476697;17.276785;11.869174;2.748005;4.000000;0.687001;1.000000;31904036.000000;31904046.000000
196;47.729058;17.351664;11.932265;2.750690;4.000000;0.687673;1.000000;31763628.000000;31763630.000000
197;47.974943;17.424757;11.993736;2.753263;4.000000;0.688316;1.000000;31623992.000000;31624010.000000
198;48.197156;17.499110;12.049289;2.754263;4.000000;0.688566;1.000000;31485022.000000;31485038.000000
199;48.455292;17.574954;12.113823;2.757065;4.000000;0.689266;1.000000;31346756.000000;31346762.000000
200;48.690989;17.649623;12.172747;2.758755;4.000000;0.689689;1.000000;31209298.000000;31209310.000000
201;48.914535;17.770304;12.228634;2.752600;4.000000;0.688150;1.000000;31072380.000000;31072394.000000
202;49.159884;17.890308;12.289971;2.747850;4.000000;0.686963;1.000000;30936092.000000;30936098.000000
203;49.425937;18.010810;12.356484;2.744237;4.000000;0.686059;1.000000;30800848.000000;30800848.000000
204;49.664933;18.133069;12.416233;2.738915;4.000000;0.684729;1.000000;30665896.000000;30665912.000000
205;49.901815;18.254687;12.475454;2.733644;4.000000;0.683411;1.000000;30531778.000000;30531786.000000
206;50.165318;18.374622;12.541330;2.730142;4.000000;0.682535;1.000000;30398436.000000;30398452.000000
207;50.399433;18.451300;12.599858;2.731484;4.000000;0.682871;1.000000;30265474.000000;30265492.000000
208;50.634445;18.522717;12.658611;2.733640;4.000000;0.683410;1.000000;30133568.000000;30133582.000000
209;50.860859;18.595339;12.715215;2.735140;4.000000;0.683785;1.000000;30002212.000000;30002206.000000
210;51.144554;18.669035;12.786138;2.739539;4.000000;0.684885;1.000000;29871164.000000;29871130.000000
211;51.392963;18.744631;12.848241;2.741743;4.000000;0.685436;1.000000;29741224.000000;29741224.000000
212;51.627294;18.863281;12.906824;2.736920;4.000000;0.684230;1.000000;29612132.000000;29612144.000000
213;51.864212;18.938604;12.966053;2.738545;4.000000;0.684636;1.000000;29483054.000000;29483052.000000
214;52.146224;19.013626;13.036556;2.742571;4.000000;0.685643;1.000000;29355188.000000;29355172.000000
215;52.367079;19.085150;13.091770;2.743865;4.000000;0.685966;1.000000;29227772.000000;29227776.000000
216;52.602284;19.156711;13.150571;2.745893;4.000000;0.686473;1.000000;29100962.000000;29100980.000000
217;52.839164;19.230759;13.209791;2.747638;4.000000;0.686910;1.000000;28974806.000000;28974812.000000
218;53.078316;19.352149;13.269579;2.742761;4.000000;0.685690;1.000000;28849212.000000;28849216.000000
219;53.317902;19.425939;13.329475;2.744676;4.000000;0.686169;1.000000;28724154.000000;28724152.000000
220;53.545023;19.498469;13.386256;2.746114;4.000000;0.686529;1.000000;28600220.000000;28600228.000000
221;53.793842;19.569589;13.448461;2.748849;4.000000;0.687212;1.000000;28476400.000000;28476406.000000
222;54.029608;19.641439;13.507402;2.750797;4.000000;0.687699;1.000000;28353390.000000;28353392.000000
223;54.258767;19.713694;13.564692;2.752339;4.000000;0.688085;1.000000;28230768.000000;28230768.000000
224;54.483874;19.836223;13.620968;2.746686;4.000000;0.686671;1.000000;28108998.000000;28108996.000000
225;54.769545;19.958961;13.692386;2.744108;4.000000;0.686027;1.000000;27987788.000000;27987792.000000
226;55.009057;20.035998;13.752264;2.745511;4.000000;0.686378;1.000000;27867210.000000;27867214.000000
227;55.233730;20.113872;13.808432;2.746052;4.000000;0.686513;1.000000;27747210.000000;27747204.000000
228;55.484672;20.190350;13.871168;2.748079;4.000000;0.687020;1.000000;27627804.000000;27627810.000000
229;55.806513;20.267221;13.951628;2.753536;4.000000;0.688384;1.000000;27509016.000000;27509028.000000
230;56.030627;20.343211;14.007657;2.754267;4.000000;0.688567;1.000000;27390880.000000;27390884.000000
231;56.267098;20.469391;14.066774;2.748841;4.000000;0.687210;1.000000;27273278.000000;27273260.000000
232;56.542295;20.544929;14.135574;2.752129;4.000000;0.688032;1.000000;27156388.000000;27156382.000000
233;56.766266;20.622471;14.191567;2.752641;4.000000;0.688160;1.000000;27040030.000000;27040030.000000
234;57.013013;20.701009;14.253253;2.754118;4.000000;0.688529;1.000000;26923988.000000;26923990.000000
235;57.239090;20.777344;14.309772;2.754880;4.000000;0.688720;1.000000;26809140.000000;26809148.000000
236;57.516176;20.853589;14.379044;2.758095;4.000000;0.689524;1.000000;26694436.000000;26694430.000000
237;57.751414;20.975662;14.437854;2.753258;4.000000;0.688315;1.000000;26580012.000000;26580018.000000
238;57.977452;21.049077;14.494363;2.754394;4.000000;0.688599;1.000000;26466492.000000;26466488.000000
239;58.235172;21.125816;14.558793;2.756588;4.000000;0.689147;1.000000;26353582.000000;26353554.000000
240;58.493975;21.203883;14.623494;2.758645;4.000000;0.689661;1.000000;26241342.000000;26241360.000000
241;58.718298;21.279359;14.679574;2.759402;4.000000;0.689850;1.000000;26129450.000000;26129462.000000
242;58.940006;21.358932;14.735002;2.759502;4.000000;0.689875;1.000000;26018162.000000;26018170.000000
243;59.211610;21.482201;14.802903;2.756310;4.000000;0.689078;1.000000;25907264.000000;25907280.000000
244;59.440523;21.559902;14.860131;2.756994;4.000000;0.689249;1.000000;25797216.000000;25797230.000000
245;59.673603;21.635817;14.918401;2.758093;4.000000;0.689523;1.000000;25687582.000000;25687592.000000
246;59.913173;21.709434;14.978293;2.759776;4.000000;0.689944;1.000000;25578586.000000;25578588.000000
247;60.193392;21.786542;15.048348;2.762870;4.000000;0.690718;1.000000;25469918.000000;25469922.000000
248;60.418593;21.865697;15.104648;2.763168;4.000000;0.690792;1.000000;25361916.000000;25361912.000000
249;60.651363;21.987737;15.162841;2.758418;4.000000;0.689604;1.000000;25254516.000000;25254526.000000
250;60.895539;22.110203;15.223885;2.754183;4.000000;0.688546;1.000000;25147516.000000;25147512.000000
251;61.128267;22.231276;15.282067;2.749652;4.000000;0.687413;1.000000;25041208.000000;25041206.000000
252;61.363650;22.350625;15.340913;2.745500;4.000000;0.686375;1.000000;24935470.000000;24935476.000000
253;61.585800;22.469448;15.396450;2.740868;4.000000;0.685217;1.000000;24829908.000000;24829914.000000
254;61.873768;22.539303;15.468442;2.745150;4.000000;0.686288;1.000000;24725174.000000;24725154.000000
255;62.111204;22.616523;15.527801;2.746276;4.000000;0.686569;1.000000;24620866.000000;24620866.000000
256;62.337720;22.691232;15.584430;2.747216;4.000000;0.686804;1.000000;24516936.000000;24516936.000000
257;62.572471;22.764916;15.643118;2.748636;4.000000;0.687159;1.000000;24413706.000000;24413712.000000
258;62.833793;22.841481;15.708448;2.750863;4.000000;0.687716;1.000000;24310820.000000;24310822.000000
259;63.058316;22.963050;15.764579;2.746078;4.000000;0.686519;1.000000;24208844.000000;24208856.000000
260;63.284266;23.085173;15.821067;2.741338;4.000000;0.685335;1.000000;24107042.000000;24107028.000000
261;63.578468;23.206495;15.894617;2.739684;4.000000;0.684921;1.000000;24005584.000000;24005582.000000
262;63.801599;23.282292;15.950400;2.740349;4.000000;0.685087;1.000000;23904792.000000;23904784.000000
263;64.057583;23.357075;16.014396;2.742534;4.000000;0.685634;1.000000;23804912.000000;23804652.000000
264;64.292864;23.432436;16.073216;2.743755;4.000000;0.685939;1.000000;23704916.000000;23704910.000000
265;64.559038;23.508304;16.139760;2.746223;4.000000;0.686556;1.000000;23605540.000000;23605536.000000
266;64.783883;23.583520;16.195971;2.746998;4.000000;0.686749;1.000000;23506894.000000;23506898.000000
267;65.016481;23.705657;16.254120;2.742657;4.000000;0.685664;1.000000;23408652.000000;23408644.000000
268;65.268805;23.780855;16.317201;2.744595;4.000000;0.686149;1.000000;23310736.000000;23310740.000000
269;65.516427;23.858636;16.379107;2.746026;4.000000;0.686506;1.000000;23213542.000000;23213546.000000
270;65.754236;23.936050;16.438559;2.747080;4.000000;0.686770;1.000000;23116444.000000;23116442.000000
271;65.980273;24.015386;16.495068;2.747417;4.000000;0.686854;1.000000;23020052.000000;23020074.000000
272;66.249265;24.090319;16.562316;2.750037;4.000000;0.687509;1.000000;22924344.000000;22924350.000000
273;66.481403;24.211435;16.620351;2.745868;4.000000;0.686467;1.000000;22828712.000000;22828720.000000
274;66.707640;24.333969;16.676910;2.741338;4.000000;0.685335;1.000000;22733758.000000;22733760.000000
275;66.946174;24.451504;16.736544;2.737916;4.000000;0.684479;1.000000;22638994.000000;22639122.000000
276;67.200285;24.532141;16.800071;2.739275;4.000000;0.684819;1.000000;22545180.000000;22545186.000000
277;67.425030;24.606006;16.856257;2.740186;4.000000;0.685046;1.000000;22451798.000000;22451794.000000
278;67.652938;24.677499;16.913234;2.741483;4.000000;0.685371;1.000000;22358500.000000;22358500.000000
279;67.949351;24.749380;16.987338;2.745497;4.000000;0.686374;1.000000;22265904.000000;22265908.000000
280;68.185310;24.825556;17.046327;2.746577;4.000000;0.686644;1.000000;22173668.000000;22173664.000000
281;68.407649;24.936494;17.101912;2.743275;4.000000;0.685819;1.000000;22081708.000000;22081710.000000
282;68.637978;25.014396;17.159495;2.743939;4.000000;0.685985;1.000000;21990322.000000;21990328.000000
283;68.921236;25.090861;17.230309;2.746866;4.000000;0.686717;1.000000;21899678.000000;21899684.000000
284;69.149703;25.170733;17.287426;2.747226;4.000000;0.686807;1.000000;21809208.000000;21809228.000000
285;69.386244;25.247804;17.346561;2.748209;4.000000;0.687052;1.000000;21719050.000000;21719060.000000
286;69.614083;25.326223;17.403521;2.748696;4.000000;0.687174;1.000000;21629326.000000;21629338.000000
287;69.864525;25.453733;17.466131;2.744765;4.000000;0.686191;1.000000;21540348.000000;21540352.000000
288;70.102693;25.529990;17.525673;2.745896;4.000000;0.686474;1.000000;21451568.000000;21451582.000000
289;70.326917;25.608783;17.581729;2.746203;4.000000;0.686551;1.000000;21363208.000000;21363202.000000
290;70.586822;25.685786;17.646705;2.748089;4.000000;0.687022;1.000000;21275484.000000;21275490.000000
291;70.826937;25.766930;17.706734;2.748753;4.000000;0.687188;1.000000;21188180.000000;21188188.000000
292;71.053310;25.844394;17.763328;2.749274;4.000000;0.687318;1.000000;21101080.000000;21101082.000000
293;71.274739;25.969136;17.818685;2.744594;4.000000;0.686149;1.000000;21014620.000000;21014638.000000
294;71.552707;26.091909;17.888177;2.742333;4.000000;0.685583;1.000000;20928438.000000;20928456.000000
295;71.786779;26.215877;17.946695;2.738294;4.000000;0.684574;1.000000;20842540.000000;20842554.000000
296;72.008262;26.339779;18.002065;2.733822;4.000000;0.683455;1.000000;20757518.000000;20757518.000000
297;72.279856;26.461428;18.069964;2.731518;4.000000;0.682879;1.000000;20672530.000000;20672540.000000
298;72.513479;26.537521;18.128370;2.732489;4.000000;0.683122;1.000000;20588044.000000;20588040.000000
299;72.738373;26.614604;18.184593;2.733025;4.000000;0.683256;1.000000;20503952.000000;20503954.000000
300;72.972140;26.686066;18.243035;2.734466;4.000000;0.683616;1.000000;20420238.000000;20420248.000000
301;73.254439;26.760304;18.313610;2.737429;4.000000;0.684357;1.000000;20337074.000000;20337086.000000
302;73.491651;26.834863;18.372913;2.738663;4.000000;0.684666;1.000000;20254004.000000;20254012.000000
303;73.731765;26.953541;18.432941;2.735513;4.000000;0.683878;1.000000;20171642.000000;20171644.000000
304;73.969283;27.074686;18.492321;2.732046;4.000000;0.683011;1.000000;20089474.000000;20089494.000000
305;74.213917;27.196404;18.553479;2.728814;4.000000;0.682203;1.000000;20007816.000000;20007806.000000
306;74.439510;27.315883;18.609878;2.725137;4.000000;0.681284;1.000000;19926532.000000;19926532.000000
307;74.670029;27.392342;18.667507;2.725945;4.000000;0.681486;1.000000;19845788.000000;19845778.000000
308;74.956001;27.464300;18.739000;2.729216;4.000000;0.682304;1.000000;19765030.000000;19765030.000000
309;75.191661;27.543061;18.797915;2.729968;4.000000;0.682492;1.000000;19684878.000000;19684874.000000
310;75.418180;27.619436;18.854545;2.730620;4.000000;0.682655;1.000000;19605330.000000;19605328.000000
311;75.642276;27.697601;18.910569;2.731005;4.000000;0.682751;1.000000;19526134.000000;19526132.000000
312;75.901692;27.818450;18.975423;2.728466;4.000000;0.682116;1.000000;19446992.000000;19446994.000000
313;76.127642;27.943597;19.031911;2.724332;4.000000;0.681083;1.000000;19368264.000000;19368266.000000
314;76.374886;28.069011;19.093722;2.720968;4.000000;0.680242;1.000000;19290080.000000;19290080.000000
315;76.651722;28.197490;19.162930;2.718388;4.000000;0.679597;1.000000;19212302.000000;19212308.000000
316;76.887787;28.324624;19.221947;2.714521;4.000000;0.678630;1.000000;19134900.000000;19134914.000000
317;77.122660;28.447100;19.280665;2.711090;4.000000;0.677773;1.000000;19057722.000000;19057708.000000
318;77.363324;28.568779;19.340831;2.707967;4.000000;0.676992;1.000000;18980870.000000;18980882.000000
319;77.615114;28.641574;19.403779;2.709876;4.000000;0.677469;1.000000;18904556.000000;18904560.000000
320;77.849531;28.721513;19.462383;2.710495;4.000000;0.677624;1.000000;18828590.000000;18828594.000000
321;78.074408;28.800555;19.518602;2.710865;4.000000;0.677716;1.000000;18752972.000000;18752968.000000
322;78.343540;28.878611;19.585885;2.712857;4.000000;0.678214;1.000000;18677646.000000;18677662.000000
323;78.581246;28.957043;19.645312;2.713718;4.000000;0.678429;1.000000;18602664.000000;18602672.000000
324;78.819963;29.080149;19.704991;2.710439;4.000000;0.677610;1.000000;18528170.000000;18528182.000000
325;79.058279;29.200777;19.764570;2.707403;4.000000;0.676851;1.000000;18453862.000000;18453880.000000
326;79.313251;29.321929;19.828313;2.704912;4.000000;0.676228;1.000000;18393458.000000;18393466.000000
327;79.551729;29.442398;19.887932;2.701945;4.000000;0.675486;1.000000;18375152.000000;18375158.000000
328;79.778915;29.562774;19.944729;2.698627;4.000000;0.674657;1.000000;18356748.000000;18356756.000000
329;80.069793;29.682718;20.017448;2.697522;4.000000;0.674381;1.000000;18338258.000000;18338270.000000
330;80.294107;29.757874;20.073527;2.698247;4.000000;0.674562;1.000000;18319530.000000;18319532.000000
331;80.517567;29.831140;20.129392;2.699111;4.000000;0.674778;1.000000;18301304.000000;18301300.000000
332;80.742565;29.903741;20.185641;2.700082;4.000000;0.675021;1.000000;18282204.000000;18282200.000000
333;81.019871;29.977131;20.254968;2.702723;4.000000;0.675681;1.000000;18263568.000000;18263564.000000
334;81.254322;30.046069;20.313581;2.704325;4.000000;0.676081;1.000000;18244608.000000;18244612.000000
335;81.480482;30.165417;20.370121;2.701122;4.000000;0.675281;1.000000;18225652.000000;18225660.000000
336;81.741066;30.240370;20.435266;2.703045;4.000000;0.675761;1.000000;18206238.000000;18206242.000000
337;81.977871;30.320990;20.494468;2.703667;4.000000;0.675917;1.000000;18186916.000000;18186924.000000
338;82.204097;30.398590;20.551024;2.704208;4.000000;0.676052;1.000000;18167772.000000;18167782.000000
339;82.444326;30.472529;20.611082;2.705529;4.000000;0.676382;1.000000;18148386.000000;18148394.000000
340;82.731076;30.554068;20.682769;2.707694;4.000000;0.676924;1.000000;18128586.000000;18128598.000000
341;82.954220;30.678723;20.738555;2.703966;4.000000;0.675991;1.000000;18109290.000000;18109228.000000
342;83.183621;30.805040;20.795905;2.700325;4.000000;0.675081;1.000000;18089552.000000;18089554.000000
343;83.458700;30.924838;20.864675;2.698759;4.000000;0.674690;1.000000;18069586.000000;18069590.000000
344;83.768224;30.995514;20.942056;2.702592;4.000000;0.675648;1.000000;18049972.000000;18049974.000000
345;83.994500;31.067817;20.998625;2.703586;4.000000;0.675896;1.000000;18029966.000000;18029964.000000
346;84.233280;31.140673;21.058320;2.704928;4.000000;0.676232;1.000000;18009960.000000;18009970.000000
347;84.510394;31.214938;21.127599;2.707370;4.000000;0.676843;1.000000;17989688.000000;17989694.000000
348;84.735500;31.290496;21.183875;2.708027;4.000000;0.677007;1.000000;17969318.000000;17969322.000000
349;84.965905;31.411313;21.241476;2.704946;4.000000;0.676236;1.000000;17949212.000000;17949214.000000
350;85.189734;31.484436;21.297434;2.705773;4.000000;0.676443;1.000000;17928820.000000;17928820.000000
351;85.463117;31.558959;21.365779;2.708046;4.000000;0.677012;1.000000;17908366.000000;17908356.000000
352;85.725720;31.631379;21.431430;2.710148;4.000000;0.677537;1.000000;17887834.000000;17887828.000000
353;85.954839;31.702133;21.488710;2.711327;4.000000;0.677832;1.000000;17867548.000000;17867544.000000
354;86.196210;31.774305;21.549053;2.712765;4.000000;0.678191;1.000000;17846702.000000;17846704.000000
355;86.471572;31.893854;21.617893;2.711230;4.000000;0.677807;1.000000;17825748.000000;17825760.000000
356;86.698426;32.015847;21.674607;2.707985;4.000000;0.676996;1.000000;17804960.000000;17804976.000000
357;86.936452;32.137987;21.734113;2.705099;4.000000;0.676275;1.000000;17784236.000000;17784244.000000
358;87.211385;32.260078;21.802846;2.703384;4.000000;0.675846;1.000000;17763256.000000;17763252.000000
359;87.444447;32.381575;21.861112;2.700438;4.000000;0.675110;1.000000;17741960.000000;17741954.000000
360;87.671523;32.502192;21.917881;2.697403;4.000000;0.674351;1.000000;17720940.000000;17720930.000000
361;87.941205;32.578367;21.985301;2.699374;4.000000;0.674844;1.000000;17699786.000000;17699782.000000
362;88.181585;32.653787;22.045396;2.700501;4.000000;0.675125;1.000000;17678480.000000;17678478.000000
363;88.404511;32.726386;22.101128;2.701322;4.000000;0.675331;1.000000;17657294.000000;17657298.000000
364;88.644614;32.802023;22.161154;2.702413;4.000000;0.675603;1.000000;17636158.000000;17636160.000000
365;88.917668;32.876482;22.229417;2.704598;4.000000;0.676150;1.000000;17614732.000000;17614732.000000
366;89.137685;32.997997;22.284421;2.701306;4.000000;0.675326;1.000000;17592864.000000;17592856.000000
367;89.371805;33.074718;22.342951;2.702118;4.000000;0.675530;1.000000;17571344.000000;17571346.000000
368;89.611781;33.148441;22.402945;2.703348;4.000000;0.675837;1.000000;17549810.000000;17549800.000000
369;89.892335;33.222387;22.473084;2.705776;4.000000;0.676444;1.000000;17528214.000000;17528218.000000
370;90.131538;33.299041;22.532885;2.706731;4.000000;0.676683;1.000000;17506304.000000;17506312.000000
371;90.358182;33.374865;22.589546;2.707372;4.000000;0.676843;1.000000;17484640.000000;17484648.000000
372;90.608302;33.498882;22.652076;2.704816;4.000000;0.676204;1.000000;17462840.000000;17462840.000000
373;90.846602;33.579867;22.711650;2.705389;4.000000;0.676347;1.000000;17440840.000000;17440842.000000
374;91.071062;33.657226;22.767766;2.705840;4.000000;0.676460;1.000000;17418772.000000;17418772.000000
375;91.300902;33.737988;22.825225;2.706175;4.000000;0.676544;1.000000;17397152.000000;17397128.000000
376;91.573288;33.815407;22.893322;2.708034;4.000000;0.677009;1.000000;17374740.000000;17374738.000000
377;91.799235;33.894088;22.949809;2.708414;4.000000;0.677104;1.000000;17352708.000000;17352710.000000
378;92.024099;34.017832;23.006025;2.705172;4.000000;0.676293;1.000000;17330510.000000;17330536.000000
379;92.254326;34.140599;23.063582;2.702188;4.000000;0.675547;1.000000;17308490.000000;17308502.000000
380;92.522432;34.263066;23.130608;2.700355;4.000000;0.675089;1.000000;17286046.000000;17286054.000000
381;92.750383;34.340536;23.187596;2.700901;4.000000;0.675225;1.000000;17263592.000000;17263604.000000
382;92.992110;34.415471;23.248027;2.702044;4.000000;0.675511;1.000000;17241212.000000;17241222.000000
383;93.234613;34.490730;23.308653;2.703179;4.000000;0.675795;1.000000;17218876.000000;17218886.000000
384;93.473407;34.566759;23.368352;2.704141;4.000000;0.676035;1.000000;17196476.000000;17196484.000000
385;93.714164;34.640754;23.428541;2.705315;4.000000;0.676329;1.000000;17173920.000000;17173932.000000
386;93.945252;34.761657;23.486313;2.702554;4.000000;0.675638;1.000000;17151432.000000;17151438.000000
387;94.244648;34.881883;23.561162;2.701822;4.000000;0.675456;1.000000;17128556.000000;17128570.000000
388;94.470159;35.001120;23.617540;2.699061;4.000000;0.674765;1.000000;17106050.000000;17106060.000000
389;94.695209;35.077244;23.673802;2.699619;4.000000;0.674905;1.000000;17083474.000000;17083480.000000
390;94.934707;35.153412;23.733677;2.700583;4.000000;0.675146;1.000000;17060834.000000;17060838.000000
391;95.187038;35.229507;23.796760;2.701912;4.000000;0.675478;1.000000;17038234.000000;17038244.000000
392;95.414474;35.306782;23.853619;2.702440;4.000000;0.675610;1.000000;17015236.000000;17015244.000000
393;95.637821;35.381832;23.909455;2.703021;4.000000;0.675755;1.000000;16992306.000000;16992312.000000
394;95.910889;35.504947;23.977722;2.701339;4.000000;0.675335;1.000000;16969374.000000;16969374.000000
395;96.130164;35.583034;24.032541;2.701573;4.000000;0.675393;1.000000;16946616.000000;16946618.000000
396;96.354693;35.659136;24.088673;2.702104;4.000000;0.675526;1.000000;16923710.000000;16923722.000000
397;96.593049;35.729595;24.148262;2.703447;4.000000;0.675862;1.000000;16900630.000000;16900630.000000
398;96.879132;35.810959;24.219783;2.705293;4.000000;0.676323;1.000000;16877584.000000;16877588.000000
399;97.105891;35.892724;24.276473;2.705448;4.000000;0.676362;1.000000;16854794.000000;16854798.000000
400;97.346973;36.015594;24.336743;2.702912;4.000000;0.675728;1.000000;16831736.000000;16831740.000000
401;97.584032;36.137766;24.396008;2.700334;4.000000;0.675083;1.000000;16808474.000000;16808484.000000
402;97.821101;36.260102;24.455275;2.697761;4.000000;0.674440;1.000000;16785342.000000;16785344.000000
403;98.055362;36.334399;24.513841;2.698692;4.000000;0.674673;1.000000;16762312.000000;16762322.000000
404;98.283619;36.406573;24.570905;2.699612;4.000000;0.674903;1.000000;16738847.000000;16738847.000000
405;98.554216;36.480872;24.638554;2.701531;4.000000;0.675383;1.000000;16715742.000000;16715746.000000
406;98.790275;36.556476;24.697569;2.702401;4.000000;0.675600;1.000000;16692574.000000;16692576.000000
407;99.016435;36.629949;24.754109;2.703155;4.000000;0.675789;1.000000;16669122.000000;16669128.000000
408;99.240762;36.752262;24.810191;2.700263;4.000000;0.675066;1.000000;16645682.000000;16645685.000000
409;99.500854;36.872292;24.875214;2.698526;4.000000;0.674632;1.000000;16622604.000000;16622604.000000
410;99.719037;36.993935;24.929759;2.695551;4.000000;0.673888;1.000000;16599063.000000;16599072.000000
411;99.940382;37.115506;24.985095;2.692685;4.000000;0.673171;1.000000;16575909.000000;16575915.000000
412;100.226032;37.235865;25.056508;2.691653;4.000000;0.672913;1.000000;16552356.000000;16552359.000000
413;100.453434;37.312816;25.113358;2.692197;4.000000;0.673049;1.000000;16528858.000000;16528864.000000
414;100.680300;37.387908;25.170075;2.692857;4.000000;0.673214;1.000000;16505352.000000;16505359.000000
415;100.922273;37.459121;25.230568;2.694198;4.000000;0.673549;1.000000;16481766.000000;16481781.000000
416;101.218601;37.533569;25.304650;2.696749;4.000000;0.674187;1.000000;16458375.000000;16458379.000000
417;101.443004;37.608271;25.360751;2.697359;4.000000;0.674340;1.000000;16434787.000000;16434787.000000
418;101.666041;37.728154;25.416510;2.694700;4.000000;0.673675;1.000000;16411232.000000;16411240.000000
419;101.900450;37.807463;25.475112;2.695247;4.000000;0.673812;1.000000;16387748.000000;16387753.000000
420;102.164586;37.885670;25.541147;2.696655;4.000000;0.674164;1.000000;16364179.000000;16364189.000000
421;102.386073;37.958955;25.596518;2.697284;4.000000;0.674321;1.000000;16340548.000000;16340553.000000
422;102.611744;38.038494;25.652936;2.697576;4.000000;0.674394;1.000000;16316900.000000;16316904.000000
423;102.864916;38.116435;25.716229;2.698702;4.000000;0.674676;1.000000;16293295.000000;16293311.000000
424;103.086443;38.239699;25.771611;2.695796;4.000000;0.673949;1.000000;16269444.000000;16269457.000000
425;103.312536;38.318490;25.828134;2.696154;4.000000;0.674038;1.000000;16245774.000000;16245783.000000
426;103.535360;38.393843;25.883840;2.696666;4.000000;0.674166;1.000000;16222222.000000;16222224.000000
427;103.818603;38.469178;25.954651;2.698748;4.000000;0.674687;1.000000;16198583.000000;16198591.000000
428;104.047221;38.548248;26.011805;2.699143;4.000000;0.674786;1.000000;16174630.000000;16174631.000000
429;104.281274;38.624827;26.070319;2.699851;4.000000;0.674963;1.000000;16151098.000000;16151106.000000
430;104.501191;38.748999;26.125298;2.696875;4.000000;0.674219;1.000000;16127133.000000;16127128.000000
431;104.758540;38.871480;26.189635;2.694997;4.000000;0.673749;1.000000;16103770.000000;16103775.000000
432;104.989898;38.947108;26.247475;2.695705;4.000000;0.673926;1.000000;16079836.000000;16079835.000000
433;105.215233;39.026528;26.303808;2.695993;4.000000;0.673998;1.000000;16055954.000000;16055958.000000
434;105.457300;39.103724;26.364325;2.696861;4.000000;0.674215;1.000000;16032185.000000;16032187.000000
435;105.696769;39.180794;26.424192;2.697668;4.000000;0.674417;1.000000;16008480.000000;16008477.000000
436;105.930960;39.260607;26.482740;2.698149;4.000000;0.674537;1.000000;15984632.000000;15984640.000000
437;106.153353;39.382233;26.538338;2.695463;4.000000;0.673866;1.000000;15960566.000000;15960575.000000
438;106.444533;39.502307;26.611133;2.694641;4.000000;0.673660;1.000000;15936730.000000;15936725.000000
439;106.670816;39.623738;26.667704;2.692094;4.000000;0.673023;1.000000;15913030.000000;15913033.000000
440;106.897313;39.744760;26.724328;2.689595;4.000000;0.672399;1.000000;15889327.000000;15889331.000000
441;107.156970;39.865389;26.789243;2.687970;4.000000;0.671993;1.000000;15865304.000000;15865302.000000
442;107.399106;39.939293;26.849776;2.689059;4.000000;0.672265;1.000000;15841392.000000;15841393.000000
443;107.631874;40.014310;26.907969;2.689835;4.000000;0.672459;1.000000;15817607.000000;15817602.000000
444;107.865154;40.087186;26.966289;2.690764;4.000000;0.672691;1.000000;15793685.000000;15793677.000000
445;108.136196;40.160768;27.034049;2.692583;4.000000;0.673146;1.000000;15769680.000000;15769673.000000
446;108.365636;40.236305;27.091409;2.693230;4.000000;0.673308;1.000000;15745912.000000;15745912.000000
447;108.594280;40.356901;27.148570;2.690848;4.000000;0.672712;1.000000;15722076.000000;15722077.000000
448;108.813966;40.432265;27.203492;2.691266;4.000000;0.672816;1.000000;15697981.000000;15697975.000000
449;109.094690;40.509692;27.273673;2.693052;4.000000;0.673263;1.000000;15674072.000000;15674069.000000
450;109.330879;40.587812;27.332720;2.693687;4.000000;0.673422;1.000000;15650342.000000;15650343.000000
451;109.556936;40.663387;27.389234;2.694240;4.000000;0.673560;1.000000;15626593.000000;15626595.000000
452;109.785270;40.736977;27.446318;2.694978;4.000000;0.673745;1.000000;15602582.000000;15602576.000000
453;110.033084;40.859032;27.508271;2.692993;4.000000;0.673248;1.000000;15578555.000000;15578560.000000
454;110.255527;40.932751;27.563882;2.693577;4.000000;0.673394;1.000000;15554644.000000;15554648.000000
455;110.490545;41.007607;27.622636;2.694391;4.000000;0.673598;1.000000;15530936.000000;15530932.000000
456;110.743647;41.079486;27.685912;2.695838;4.000000;0.673960;1.000000;15506939.000000;15506946.000000
457;110.998616;41.153666;27.749654;2.697174;4.000000;0.674294;1.000000;15482935.000000;15482938.000000
458;111.226730;41.231062;27.806682;2.697644;4.000000;0.674411;1.000000;15458935.000000;15458934.000000
459;111.446403;41.351649;27.861601;2.695090;4.000000;0.673772;1.000000;15435154.000000;15435170.000000
460;111.723692;41.472778;27.930923;2.693904;4.000000;0.673476;1.000000;15411192.000000;15411201.000000
461;111.957001;41.548147;27.989250;2.694633;4.000000;0.673658;1.000000;15387230.000000;15387224.000000
462;112.184047;41.627814;28.046012;2.694930;4.000000;0.673733;1.000000;15363234.000000;15363227.000000
463;112.415725;41.704858;28.103931;2.695507;4.000000;0.673877;1.000000;15339493.000000;15339495.000000
464;112.686198;41.782115;28.171549;2.696996;4.000000;0.674249;1.000000;15315673.000000;15315670.000000
465;112.909238;41.859996;28.227309;2.697306;4.000000;0.674327;1.000000;15291532.000000;15291536.000000
466;113.136042;41.984347;28.284011;2.694720;4.000000;0.673680;1.000000;15267825.000000;15267827.000000
467;113.418750;42.060009;28.354687;2.696594;4.000000;0.674148;1.000000;15243717.000000;15243718.000000
468;113.650826;42.132179;28.412707;2.697483;4.000000;0.674371;1.000000;15219917.000000;15219916.000000
469;113.883635;42.209145;28.470909;2.698080;4.000000;0.674520;1.000000;15195863.000000;15195863.000000
470;114.111505;42.286876;28.527876;2.698509;4.000000;0.674627;1.000000;15172039.000000;15172040.000000
471;114.400091;42.363222;28.600023;2.700458;4.000000;0.675114;1.000000;15148141.000000;15148146.000000
472;114.628108;42.485753;28.657027;2.698036;4.000000;0.674509;1.000000;15124261.000000;15124256.000000
473;114.846554;42.612610;28.711639;2.695131;4.000000;0.673783;1.000000;15100776.000000;15100778.000000
474;115.086642;42.739808;28.771660;2.692727;4.000000;0.673182;1.000000;15076540.000000;15076536.000000
475;115.313654;42.859399;28.828414;2.690510;4.000000;0.672628;1.000000;15052798.000000;15052797.000000
476;115.536893;42.932042;28.884223;2.691158;4.000000;0.672789;1.000000;15029168.000000;15029170.000000
477;115.767507;43.006352;28.941877;2.691870;4.000000;0.672967;1.000000;15005227.000000;15005216.000000
478;116.041105;43.076916;29.010276;2.693812;4.000000;0.673453;1.000000;14981318.000000;14981321.000000
479;116.267289;43.156013;29.066822;2.694116;4.000000;0.673529;1.000000;14957535.000000;14957529.000000
480;116.491213;43.233398;29.122803;2.694473;4.000000;0.673618;1.000000;14933601.000000;14933597.000000
481;116.717722;43.310616;29.179431;2.694899;4.000000;0.673725;1.000000;14909985.000000;14909986.000000
482;116.992512;43.433193;29.248128;2.693620;4.000000;0.673405;1.000000;14885982.000000;14885979.000000
483;117.222018;43.509537;29.305505;2.694168;4.000000;0.673542;1.000000;14862338.000000;14862346.000000
484;117.452373;43.584431;29.363093;2.694824;4.000000;0.673706;1.000000;14838438.000000;14838437.000000
485;117.681782;43.659486;29.420445;2.695446;4.000000;0.673861;1.000000;14814850.000000;14814849.000000
486;117.943833;43.735390;29.485958;2.696760;4.000000;0.674190;1.000000;14791114.000000;14791117.000000
487;118.201867;43.808444;29.550467;2.698153;4.000000;0.674538;1.000000;14767508.000000;14767509.000000
488;118.425741;43.930076;29.606435;2.695778;4.000000;0.673945;1.000000;14743880.000000;14743885.000000
489;118.681393;44.002803;29.670348;2.697133;4.000000;0.674283;1.000000;14719976.000000;14719982.000000
490;118.935994;44.078282;29.733998;2.698290;4.000000;0.674573;1.000000;14696154.000000;14696153.000000
491;119.172163;44.153870;29.793041;2.699020;4.000000;0.674755;1.000000;14672418.000000;14672419.000000
492;119.399642;44.229914;29.849911;2.699522;4.000000;0.674881;1.000000;14649142.000000;14649137.000000
493;119.686918;44.303012;29.921729;2.701553;4.000000;0.675388;1.000000;14625333.000000;14625330.000000
494;119.909380;44.424828;29.977345;2.699152;4.000000;0.674788;1.000000;14601688.000000;14601690.000000
495;120.146051;44.501419;30.036513;2.699825;4.000000;0.674956;1.000000;14578049.000000;14578060.000000
496;120.382605;44.573585;30.095651;2.700761;4.000000;0.675190;1.000000;14554148.000000;14554151.000000
497;120.645530;44.650918;30.161383;2.701972;4.000000;0.675493;1.000000;14530683.000000;14530682.000000
498;120.871529;44.731573;30.217882;2.702152;4.000000;0.675538;1.000000;14506954.000000;14506947.000000
499;121.102755;44.810756;30.275689;2.702538;4.000000;0.675634;1.000000;14483450.000000;14483454.000000